host_name,Gender
Totana,unknown
Totana,unknown
Totana,unknown
Home On Blaine,unknown
Evonify,unknown
Kexi & Anthony,unknown
Julie,female
Jacqueline,female
Kj,unknown
Stone,male
Boston Park Plaza,unknown
Dawn,female
Maria,female
Albert,male
Kaitlyn,female
Lisa,female
Christie,mostly_female
Ingrid,female
Rebecca,female
Zong,andy
Keith,male
Lee,mostly_male
Mo,mostly_male
Keith,male
Boston,unknown
Meri,female
Evonify,unknown
Jill,female
Peter,male
Justin And Mandy,unknown
Mike,male
Thatch,unknown
Gabriel,male
Brian + Heather,unknown
Frank,male
Airbnb,unknown
Haim,male
Marianne,female
Matthew,male
Katharine (Kit) And Scott,unknown
Maude,female
Stacey,mostly_female
Alex @ Bcohousing,unknown
Evonify,unknown
Evonify,unknown
Sophia,female
Bernard,male
Andre,male
Evolve,unknown
Vitanur,unknown
Bernard,male
Marie,female
Copley,unknown
Huggy,unknown
Mark,male
Kama,female
Bv,unknown
Nacho,male
Evonify,unknown
Liya,female
Jason,male
Ehab,unknown
Michelle,female
Dawn,female
Ali,male
Teresa & Jonathan,unknown
Minter,unknown
Lynda,female
TemplePlace,unknown
Vincent,male
Chris,mostly_male
Bruno,male
Jc & Cm,unknown
Adolph,male
Valdir,unknown
Estee,unknown
Marie,female
Marie,female
Steven,male
Lee,mostly_male
Valerie,female
Yvonne,female
Suzana,female
Churchill,unknown
Rogger,unknown
The Boxer Hotel,unknown
Sherwin,mostly_male
Mike,male
Kirjuan,unknown
StayNue,unknown
Kenneth,male
Thatch,unknown
Teresa & Jonathan,unknown
Charles,male
Asad,male
Thatch,unknown
Kate,female
Jason,male
Rachel,female
Jason,male
Laura And Olivia,unknown
Zeus,unknown
Greg And Alicia,unknown
Maria,female
FOUND Hotel,unknown
Cindy,female
Bruno,male
Daniel,male
Charlesmark,unknown
Melissa,female
Julie,female
Bay Village,unknown
Albert,male
Beaux,unknown
Angela,female
Kama,female
Jose,male
Jeffrey,male
Lance,male
Anastasia,female
Brittany,female
Steven,male
Greg,male
Taskin,unknown
Yossi,male
Teresa & Jonathan,unknown
CarneyFamily,unknown
Marla,female
Michael,male
Global Luxury Suites,unknown
Cusaj,unknown
StayNue,unknown
Phyllis,female
Joel,male
Michelle,female
Cindy,female
Selim,male
Trinh,mostly_female
Sanjay,male
Peter,male
Jader,unknown
Maria,female
Celia,female
Kat,female
Ray,mostly_male
Mike,male
StayNue,unknown
Ella,female
Global Luxury Suites,unknown
Roger Michael &Quot;Corey&Quot;,unknown
Maria,female
Benjamin,male
Tim,male
Marie,female
Kelly,mostly_female
Fredrick,male
Bv,unknown
Ehab,unknown
Bryan,male
Nick,male
Esther,female
Steven,male
Marie,female
Steven,male
Elizabeth,female
Esther,female
Taylor,mostly_male
Jason,male
Albena,female
Chloe,female
Christian,male
Wendy And Juan,unknown
Keith,male
John,male
Thatch,unknown
Loic,unknown
Boston Park Plaza,unknown
Tj,unknown
Charles And Grace,unknown
Taskin,unknown
Joseph,male
Jason,male
Shubhi,unknown
Arash,male
Camille,mostly_female
Jonathan,male
Devora,female
Evonify,unknown
Maria,female
SleepAfloat,unknown
Ella,female
Thatch,unknown
Jason,male
Glenn,male
StayNue,unknown
StayNue,unknown
Melissa,female
Bv,unknown
Jessica,female
Karolina,female
Global Luxury Suites,unknown
Sandy,mostly_female
StayNue,unknown
Huggy,unknown
Althea,female
Ray,mostly_male
Chandra,mostly_male
Albert,male
Alan,male
Moo,andy
Evonify,unknown
Bv,unknown
Patrick,male
Lance And Shelly,unknown
Joana,female
Wenqi,unknown
Daryl,mostly_male
Alla,female
Compass,unknown
Blueground,unknown
Abigail,female
Cindy,female
Carol,mostly_female
StayNue,unknown
Liesl,female
Francisco,male
Edmund,male
Albena,female
Karim,male
Tucker,male
Antonio,male
Katherine And Dan,unknown
Cathy,female
Albert,male
Huggy,unknown
CarneyFamily,unknown
Jaye,unknown
Jimmy,male
Liya,female
Evonify,unknown
Kristen,female
Agnieszka,female
Huggy,unknown
Boston,unknown
Peter,male
Sarah,female
Violet,female
Lucy,female
Albert,male
Drew,male
Jean- Luc,unknown
Kevin And Emily,unknown
Sherwin,mostly_male
Jay,male
Todd,male
Global Luxury,unknown
Erico,male
Jason,male
Evonify,unknown
Rich,mostly_male
Jolene,female
Anna,female
Albert,male
Catherine,female
Gladys,female
Jason,male
Stone,male
Jon,male
Ehab,unknown
Mimi,female
Andrew,male
Boston Park Plaza,unknown
Cindy,female
StayNue,unknown
StayNue,unknown
Nirmal,mostly_male
Maverick,male
Cassandra And Michael,unknown
Barrie,mostly_male
Mike,male
Taskin,unknown
Richard And Vicki,unknown
Joanne,female
Talainya,unknown
Franklin H.,unknown
Ling,andy
John,male
Alla,female
Blanca,female
Ehab,unknown
Jeffrey,male
Hopeton,unknown
Marie,female
Kevin,male
StayNue,unknown
Evonify,unknown
Marie,female
Daryl,mostly_male
Caleb,male
Cindy,female
George,male
Evonify,unknown
Kat,female
Ping,andy
Marie,female
Manuela,female
Fanny & Candice,unknown
Joseph,male
Global Luxury Suites,unknown
Lihua,unknown
La Toia,unknown
Sonder (Boston),unknown
Tim,male
Charlesmark,unknown
Diogo,male
Stephanie,female
Compass,unknown
Maverick,male
Reina,female
Steven,male
Guy,male
Jim,male
Charlesmark,unknown
Helder,male
Kyle,mostly_female
Avi,male
Jurek,male
Ken,male
Thatch,unknown
Edmund,male
Jeffrey,male
Laura And Olivia,unknown
Elena,female
Dan,male
Antonio,male
Yuki,mostly_female
John,male
Elizabeth,female
SleepAfloat,unknown
Jason,male
Robin,mostly_male
Rachel,female
Bo,male
Moo,andy
Natalie,female
Frederick & Sabina,unknown
Frank,male
Ling,andy
Frederick & Sabina,unknown
Stone,male
Vitanur,unknown
Ella,female
Carolina,female
Peggy,female
Wendy And Juan,unknown
Irina,female
Sandy,mostly_female
Jason,male
Steven,male
Mary,mostly_female
Liya,female
Roman,male
Timothy,male
Marko,male
Minter,unknown
Marlene,female
Brian + Heather,unknown
Celia,female
Huggy,unknown
Priyanka,female
Blanca,female
Airbnb,unknown
Jurek,male
Billy,male
Cindy & Mark,unknown
Elisangela,unknown
Rene,male
Global Luxury,unknown
Fj,unknown
Justin And Mandy,unknown
Rob,male
Jim,male
Thomas,male
Bay Village,unknown
Sherwin,mostly_male
Jeana,female
Nick,male
Evonify,unknown
Steven,male
Aundre,unknown
Anthony,male
Marianne,female
Ling,andy
Yoshika,unknown
John And Inna,unknown
Boston Park Plaza,unknown
Temple Place,unknown
Jason,male
Lihua,unknown
Kevin,male
Boston,unknown
Romo & Nayeli,unknown
Lance,male
Jim,male
Terry,mostly_male
Justin And Mandy,unknown
Brandon,male
Jonathan,male
Rachel,female
Kimberly,mostly_female
Jane,female
Manuela,female
Tyler,mostly_male
Lance,male
Compass,unknown
John,male
Global Luxury Suites,unknown
Brian,male
Ehab,unknown
Temple Place,unknown
Huggy,unknown
Andrew,male
Michael,male
Terry,mostly_male
Kat,female
Thatch,unknown
Temple Place,unknown
Charles,male
James,male
Sophia,female
Ian,male
Masha,female
John,male
Andrea And Tivan,unknown
Jason,male
Alys,female
Santo,male
Michelle,female
Studio Allston Hotel,unknown
Tianyu,unknown
Temple Place,unknown
Maverick,male
Vitanur,unknown
Adler,unknown
Michael,male
Mike,male
Mike,male
Bay Village,unknown
Albert,male
Nathaniel,male
Rohn,unknown
Kexi & Anthony,unknown
Anna,female
Global Luxury Suites,unknown
Stone,male
Steven,male
Trevor,male
Sandy,mostly_female
Melissa,female
Cindy,female
Gianni,male
Marian,male
Thuyvan,unknown
Karen,female
Jovan,male
Jack,male
Liya,female
Brian + Heather,unknown
Eric,male
Michael,male
Steven,male
Jolene,female
Lance,male
Glen,male
Sofia,female
Thatch,unknown
Jolene,female
Evonify,unknown
StayNue,unknown
Ty,male
Wesley,male
StayNue,unknown
Yusuf,male
Teresa & Jonathan,unknown
TemplePlace,unknown
Anastasia,female
Jeffrey,male
FOUND Hotel,unknown
Global Luxury Suites,unknown
Kyra And Adam,unknown
Stone,male
StayNue,unknown
Yanlin,unknown
Cindy,female
Kaitlyn,female
Rebecca,female
Jader,unknown
Marie,female
Jordan,male
Barrie,mostly_male
Evelyn,female
Whitney,mostly_male
Emily,female
Roger Michael &Quot;Corey&Quot;,unknown
Riyo,unknown
Brunir,unknown
Fabien,male
Selim,male
Ewa,female
Emma,female
Thatch,unknown
Bv,unknown
Keith,male
Julian,male
Ehab,unknown
John,male
Len & Eugenia,unknown
Faiz,male
Taylor,mostly_male
Allison,female
Ella,female
Andrea,female
Molly,female
B. H.,unknown
Annie,female
Bay Village,unknown
Meredith,mostly_female
Bv,unknown
Hilary,female
Diane,female
Thatch,unknown
Kat,female
Evonify,unknown
Beth,female
Laura And Olivia,unknown
Albert,male
Sophia,female
Kathe,female
Evonify,unknown
Jonas,male
Steven,male
Sophia,female
Shlomi,male
Sonder (Boston),unknown
Alan,male
Lauren,mostly_female
Selim,male
Elena,female
Thatch,unknown
Kelly,mostly_female
Gavin,male
Enrique A,unknown
Mike,male
Reina,female
Anthony,male
Jurek,male
Margarita,female
Terry,mostly_male
Charles,male
Jay,male
Thomas,male
Arash,male
Global Luxury Suites,unknown
Chris,mostly_male
Jason,male
Jason,male
Bv,unknown
Andrea,female
Jurek,male
Jeff And Rachel,unknown
Dennis,male
Misha,male
Roman,male
Deborah,female
Amenata,unknown
Masha,female
Fanny,female
Evonify,unknown
Tim,male
Greg And Alicia,unknown
Shelby,mostly_female
Kj,unknown
Nancy,female
Justin And Mandy,unknown
Patty,female
Sophia,female
Jilvonya,unknown
Robin,mostly_male
Dr. Robert,unknown
Steven,male
Firlian,unknown
Lissette,female
Lacey,female
Robin,mostly_male
Susan,female
Mike,male
Kama,female
Jason,male
Bv,unknown
Bv,unknown
Bluebird,unknown
Marie,female
Killian,male
Todd,male
Kat,female
Ken,male
Stone,male
Lihua,unknown
Jonathan,male
Steven,male
Michaela,female
Wenqi,unknown
Adolph,male
Jessica,female
Edmund,male
Lee,mostly_male
Steven,male
Global Luxury Suites,unknown
Vanessa,female
TemplePlace,unknown
Justin,male
Jean- Luc,unknown
Anderson,male
Eliott,unknown
Steven,male
Bay Village,unknown
Helen,female
Ehab,unknown
Shannon,mostly_female
Michelle,female
Boston,unknown
Thatch,unknown
Gunel,female
Global Luxury Suites,unknown
Steven,male
Sophia,female
Bo,male
Andrea And Tivan,unknown
Alex @ Bcohousing,unknown
Marie,female
Sophie,female
Evans,unknown
Boston Park Plaza,unknown
Steven,male
Global Luxury Suites,unknown
Nadia,female
Sami,male
Global Luxury,unknown
Wesley,male
Irida,female
Melissa,female
Glenn And James,unknown
Ehab,unknown
Michelle,female
Lihua,unknown
Michelle,female
Toni,male
StayNue,unknown
Thomas,male
Stone,male
Fredrick,male
Luxurious,unknown
Evan And Sabrina,unknown
Beaux,unknown
Evans,unknown
Huanan,unknown
Frank,male
Andrea,female
Timothy,male
Maria,female
Andrea,female
Peter,male
Edmund,male
Albert,male
Nakeisha,unknown
Elena,female
Melissa,female
Curtis A.,unknown
Jennifer,female
Aliza,female
Global Luxury Suites,unknown
Lance,male
Peter,male
Thatch,unknown
Denise,female
Elior,male
Noha,female
Beaux,unknown
Mauryn,unknown
Erico,male
Roy,male
Steven,male
John,male
Angeline,female
David,male
Steven,male
Dana And Andrew,unknown
Philip,male
Aicha,female
Melissa,female
Charlesmark,unknown
Jeana,female
Rob,male
Omar,male
Jason,male
Cecilia,female
Drew,male
Mireille,female
Natalia,female
Terry,mostly_male
Francisco,male
Hannah & Philip,unknown
Stone,male
Maria,female
Daniel,male
Evonify,unknown
Peter,male
Mark,male
Bradley,male
Paolo,male
Max,male
Compass,unknown
Betsy,female
Alan,male
Monya,unknown
Evonify,unknown
Maude,female
Dhiego,unknown
Stephanie,female
Bv,unknown
Charles,male
Alan,male
Global Luxury Suites,unknown
Marie,female
Emily,female
Larry,male
StayNue,unknown
Huggy,unknown
Fati,unknown
Luz,mostly_female
Lance,male
Allan,male
Jil,female
Albert,male
Valery,male
Jorge,male
Natalie,female
Natalia,female
Jason,male
Jason,male
Evonify,unknown
Daniel,male
Vitanur,unknown
StayNue,unknown
Jennifer,female
Edmund,male
Misha,male
Jeffrey,male
Atef,male
Bv,unknown
Evonify,unknown
Ikem,unknown
Althea,female
Cara,female
Kimber,unknown
Manuela,female
Global Luxury Suites,unknown
Evonify,unknown
Michelle,female
Jacqueline,female
Jurek,male
Steven,male
Global Luxury Suites,unknown
Thuyvan,unknown
Zvi,male
Rosalia,female
Ken,male
Evonify,unknown
Edmund,male
Molly,female
Maria,female
Inn Boston,unknown
Marc,male
SleepAfloat,unknown
Liya,female
Julia,female
Gretjen,female
Glenn,male
Katie,female
Local Furnished,unknown
Compass,unknown
Jonathan,male
Joseph,male
Elena,female
Ella & Will,unknown
Jason,male
Marie,female
Chris,mostly_male
Nakeisha,unknown
Boston Park Plaza,unknown
Lynda,female
Jeffrey,male
Sarah,female
Stone,male
Mary,mostly_female
Krisztian,unknown
Kama,female
Siena,unknown
Jonathan,male
Erik,male
Meredith,mostly_female
Naveen,mostly_male
Edmund,male
Bernadette,female
Jeana,female
Elisangela,unknown
Ramon,male
Edmund,male
Yvette & John,unknown
Web And Waves,unknown
Lynda,female
Stone,male
Stone,male
Thatch,unknown
Evonify,unknown
Jonathan,male
Kama,female
Ella,female
Gavin,male
Eileen,female
Bv,unknown
Kathy,female
Copley Square Hotel,unknown
The Bostonian Boston,unknown
Jessy And Diego,unknown
Liya,female
Cindy,female
Penny,female
Shawn,mostly_male
Jason,male
Glenn,male
Rhonda,female
Evonify,unknown
Jurek,male
Helen,female
Stone,male
Karim,male
Global Luxury,unknown
Evonify,unknown
Yisheng,unknown
Jessica,female
Nick,male
Emily,female
Mitchel,male
Karen,female
Global Luxury Suites,unknown
Amaro,male
Lance,male
Alex @ Bcohousing,unknown
Katarzyna,female
Helen,female
Lance,male
Suzanne,female
Susan,female
Jason,male
Global Luxury Suites,unknown
Lori,female
Agnieszka,female
Kevin,male
Jodie,female
Jason,male
Sonder (Boston),unknown
Airbnb,unknown
Steven,male
Estuardo,unknown
Andrew,male
Susan,female
Marlene,female
Jonathan,male
Bernadette,female
Sandy,mostly_female
The Boxer Hotel,unknown
Meredith,mostly_female
Frank,male
Thatch,unknown
Ella,female
Alex,male
Boston,unknown
Jone,female
Keith (& Beth),unknown
Anthony,male
Dror,male
Natalia,female
Jonathan,male
Natalie,female
Glenn,male
Jay,male
Richard,male
Geoff,male
Bo,male
Aanchal,unknown
Jef,male
Janice,female
Haydee,female
Marie,female
Stone,male
Jessica,female
Simon,male
Jacqui,female
Jurek,male
Ting,andy
Joe,male
Adriana & Gianni,unknown
Francisco,male
Jon&Margrit,unknown
Jeffrey,male
Laura And Olivia,unknown
Elizabeth,female
Global Luxury Suites,unknown
Kelly & Chris,unknown
Roman,male
Josh,male
Richard,male
Beaux,unknown
Jurek,male
Maureen,female
Bv,unknown
Mary,mostly_female
Edmund,male
A Delightful Hotel,unknown
Frederick & Sabina,unknown
Charles,male
Nino,male
Inn Boston,unknown
Ken,male
Global Luxury Suites,unknown
Siena,unknown
Waze,unknown
Glenn,male
Daniel,male
Frank & Delilah,unknown
Victoria,female
Lawrence,male
Vitanur,unknown
Wesley,male
Bay Village,unknown
Keith (& Beth),unknown
Kristen,female
Agnieszka,female
Margarita,female
Joshua,male
Deborah,female
Desi,female
Jason,male
Dustin,male
Riyo,unknown
Jurek,male
Steven,male
Lance And Shelly,unknown
Susan,female
Ashley,mostly_female
Thatch,unknown
Alex & Bethany,unknown
Osman,male
Steven,male
Selim,male
Zeus,unknown
Bill,male
Lu,andy
Ellen,female
Sonder (Boston),unknown
Mechaal,unknown
Samantha,female
Jennifer,female
Nicole,female
Bv,unknown
Evonify,unknown
Erico,male
Jared,male
Peter And Hawraa,unknown
Antonio,male
Erin,mostly_female
Jodie,female
Bay Village,unknown
Francisco,male
Jacinter,unknown
Jacinter,unknown
Edmund,male
Kaitlyn,female
Dan,male
Elie,male
Steven,male
Safia,female
Thatch,unknown
Charles,male
Maria,female
Thatch,unknown
MariaLuisa,unknown
Zac,unknown
Yan,male
Mary & Chuck,unknown
Fahim,male
Peter,male
Val,mostly_female
Chris,mostly_male
Alexis,male
Rebecca,female
Heidi,female
Justin And Mandy,unknown
Jurek,male
Bruce,male
The Godfrey Hotel,unknown
James,male
Nelson And Marlene,unknown
Drew,male
Inn Boston,unknown
Global Luxury Suites,unknown
Laura And Olivia,unknown
Lance,male
Jessy And Diego,unknown
Ken,male
Steven,male
Jovan,male
Jennifer,female
Jonathan,male
Alex,male
Luxurious,unknown
Billy,male
Jason,male
Drew,male
Billy,male
Evonify,unknown
Chris,mostly_male
Yanlin,unknown
Cara,female
Kelly,mostly_female
Lorena & Ivan (Myhomelike),unknown
Brunir,unknown
Brian,male
Bv,unknown
Jim,male
Jonathan,male
Boston,unknown
Andrew,male
Jazmine,female
Sanjay,male
Nick,male
Silvia,female
Kj,unknown
Amy,female
Katherine,female
Michaela,female
Estuardo,unknown
Peter,male
Drusilla,female
Jessica,female
Chris,mostly_male
Harold,male
Xerxes,unknown
Charles,male
Charles,male
Kara,female
Melinda,female
Jason,male
Giannoula,female
Jeffrey,male
Elly,female
Zipporah,unknown
Evonify,unknown
Kat,female
Thatch,unknown
Bay Village,unknown
Margarita,female
Thatch,unknown
Meredith,mostly_female
Erika,female
Margarita,female
Danny,male
Matt,male
Global Luxury Suites,unknown
Jovielle,unknown
Jay,male
Marie,female
Lance And Shelly,unknown
Bo,male
Bv,unknown
StayNue,unknown
Sophia,female
Stone,male
Kathe,female
Monya,unknown
Sarp,male
Mike,male
Hunter,mostly_male
Vanessa,female
Albert,male
Isabel,female
Cindy,female
Cav,unknown
Tobias,male
Gary,male
Emil,male
Jill,female
Robin,mostly_male
Terry,mostly_male
Alex,male
Joshua,male
Albert,male
Temple Place,unknown
Karolina,female
Huanan,unknown
Lance,male
Viviane,female
Marie,female
Sandra,female
Steven,male
Gerard  And Marie,unknown
Ziyad,male
Laurie,female
Sevil,female
Lance And Shelly,unknown
Huggy,unknown
Christal,female
TuanAnh,unknown
Caitlin,female
Casimiro,male
Kyle,mostly_female
Rowland,male
Luciano,male
Marie,female
Mort,male
Ken,male
Stefan,male
Jeffery,male
Ranner,male
John And Kay,unknown
Glen,male
Nelida,unknown
Glenn,male
Frederick & Sabina,unknown
Rebecca,female
Greg,male
Lihua,unknown
Jil,female
Karina,female
Lorraine,female
Jeffrey,male
Diane,female
Lauren,mostly_female
StayNue,unknown
Linda,female
Aliza,female
Sophia,female
Bv,unknown
Kexi & Anthony,unknown
Christiane,female
Sherwin,mostly_male
Ally,female
Charles,male
Jean- Luc,unknown
Manuela,female
Edmund,male
Howard,male
Frank,male
David,male
Brian + Heather,unknown
Siena,unknown
Siena,unknown
StayNue,unknown
David,male
StayNue,unknown
Kevin And Diane,unknown
Sangthip,unknown
Angela,female
Marie,female
Brittany,female
Global Luxury,unknown
Edmund,male
Michelle,female
Mort,male
Kelly,mostly_female
Albert,male
Jay,male
Jessy And Diego,unknown
Marie,female
Boston Park Plaza,unknown
Jeffrey,male
Edmund,male
Abdurrahman,male
Adam,male
Bv,unknown
Melissa,female
Catherine,female
SleepAfloat,unknown
Sherwin,mostly_male
Kai,male
Rebecca,female
Todd,male
Marie,female
Evonify,unknown
Jan,male
Mike And Toni,unknown
Jamie,mostly_female
Sophia,female
Devora,female
Ruby(Juan),unknown
Jon,male
Shawn,mostly_male
Pragya,female
Mort,male
Cindy,female
Sherwin,mostly_male
Katerina,female
Maria,female
Sherwin,mostly_male
Michelle,female
Bj,unknown
Len,male
Ilan,male
Kat,female
Jonathan,male
Shannon,mostly_female
Bv,unknown
Michael,male
Curtis A.,unknown
Global Luxury Suites,unknown
Shubhi,unknown
Arash,male
Jose,male
Jason,male
Jinghan,unknown
Evonify,unknown
John,male
Boston Park Plaza,unknown
Tomasz,male
Jay,male
Manuela,female
Elona,female
John,male
Aaron,male
Althea,female
Amir Alex,unknown
Matt And Eva,unknown
Jurek,male
Abdurrahman,male
Stone,male
Mimi,female
Charlesmark,unknown
Daniel,male
Anne,female
Sofia,female
Brooke,female
Oghogho,unknown
Kiki,female
Trisha,female
Jonathan,male
Ita,female
Tommy,male
Teresa & Jonathan,unknown
Ken,male
Kat,female
Frederick & Sabina,unknown
Kenneth,male
Lisa,female
Bruce,male
Ls,unknown
Ann-Marie & George,unknown
Billy,male
Ping,andy
Steven,male
Anne,female
Alan,male
Chris,mostly_male
Temple Place,unknown
Albert,male
Varouj,unknown
SleepAfloat,unknown
Liya,female
Rayna,female
Evonify,unknown
Kenneth,male
Global Luxury Suites,unknown
Wanda,female
Beaux,unknown
Kat,female
Jan,male
John,male
Kevin,male
Anne,female
Marie,female
Endang,unknown
Paul,male
Anda,female
Steven,male
Camille,mostly_female
Jessica,female
Mark,male
KerrieAnn,unknown
Dhiego,unknown
Daniel,male
Andy,male
Claire,female
Michael,male
Boston Park Plaza,unknown
Shlomi,male
Maria,female
TemplePlace,unknown
Anne,female
Jonathan,male
Ray,mostly_male
Barrie,mostly_male
Ben,male
Deborah,female
Konrad,male
Deborah,female
Evonify,unknown
Chris & Kristina,unknown
Kama,female
Yuki,mostly_female
John And Kay,unknown
Marlene,female
Ehab,unknown
Hilary,female
Luxurious,unknown
Bv,unknown
Cindy,female
Temple Place,unknown
Sophia,female
Santiago,male
Deb,female
Premier Suites,unknown
Vidal,male
TuanAnh,unknown
Aaron & Catherine,unknown
Bv,unknown
Mandana,unknown
Jessica,female
Justin And Mandy,unknown
Danielle,female
Stone,male
Brian + Heather,unknown
Bv,unknown
Antonio,male
Bv,unknown
John And Kay,unknown
A Delightful Hotel,unknown
Thatch,unknown
Cindy,female
Cindy,female
Ken,male
Bleuty,unknown
Cindy,female
Cindy,female
Mario,male
Brian + Heather,unknown
Liya,female
Steve,male
Lelia,female
Jonathan,male
Firlian,unknown
Jay,male
Ken,male
Steven,male
Marie,female
Bv,unknown
Lihua,unknown
Naveen,mostly_male
Evonify,unknown
Caleb,male
Lihua,unknown
Todd,male
Bv,unknown
Ryan,mostly_male
John,male
Kat,female
Evonify,unknown
Rebecca,female
Gerald,male
Charles,male
Premier Suites,unknown
Temple Place,unknown
Jay,male
Cassandra,female
Aicha,female
Brian,male
TemplePlace,unknown
Thatch,unknown
Priyanka,female
The Boxer Hotel,unknown
Copley Square Hotel,unknown
Ella,female
Yao,andy
Stephanie,female
Milo,male
Elizabeth,female
Thatch,unknown
Bv,unknown
Chris,mostly_male
Evonify,unknown
Jordy,male
Andrey,male
Jil,female
Lance,male
Alan,male
Roger Michael &Quot;Corey&Quot;,unknown
Dung,andy
Cecilia,female
Albert,male
Frank,male
Steven,male
Melissa,female
Albert,male
Natalia,female
Amy,female
A And L,unknown
Jean- Luc,unknown
Studio Allston Hotel,unknown
Global Luxury Suites,unknown
Bv,unknown
Global Luxury Suites,unknown
Shanta,female
Caroline,female
Jodie,female
Yossi,male
Bay Village,unknown
Matt,male
Caroline,female
Bv,unknown
Stone,male
Mary,mostly_female
Daryl,mostly_male
Lance,male
Kat,female
Myriem,unknown
StayNue,unknown
Luciano,male
Irfan,male
Kristen,female
Jason,male
Parker,mostly_male
Ewa,female
FOUND Hotel,unknown
Kat,female
Sandro,male
Tim,male
Yionel,unknown
Jessica,female
Natasha,female
Kaitlin,female
Marci,female
Matthew,male
Brian + Heather,unknown
Grant,male
Brian + Heather,unknown
David,male
Christian,male
Evonify,unknown
Jeffrey,male
Chris,mostly_male
David,male
Global Luxury,unknown
Alex @ Bcohousing,unknown
Jeffrey,male
Evonify,unknown
Stone,male
Gabby,unknown
Philip,male
Jasiya,unknown
Sangthip,unknown
Vicki,female
Jennifer,female
Eric,male
StayNue,unknown
Firlian,unknown
Hermina,female
Tingying(Helen),unknown
Katy,female
Gene,mostly_male
Sheila,female
StayNue,unknown
Muny,unknown
Mark,male
Muny,unknown
Muny,unknown
Evonify,unknown
Daniel,male
Adriana & Gianni,unknown
Huggy,unknown
Tim,male
Janet,female
StayNue,unknown
Aaron & Catherine,unknown
Ken,male
Kathleen,female
Huggy,unknown
Emmanuel,male
Paul,male
Moe,female
Muny,unknown
Joseph,male
George,male
Althea,female
Eda,female
Muny,unknown
Tingying(Helen),unknown
Liz,female
Steven,male
Anna,female
Muny,unknown
Jennifer,female
Ken,male
Lori,female
Richmond,unknown
Home On Blaine,unknown
Alex,male
Javier,mostly_male
Ken,male
Fj,unknown
Yuki,mostly_female
StayNue,unknown
Jason,male
Petr,male
StayNue,unknown
Hermina,female
Charles,male
StayNue,unknown
Tim,male
Moo,andy
Evonify,unknown
Carol,mostly_female
Joanie,female
StayNue,unknown
Althea,female
Victor,male
Sophie,female
Tingying(Helen),unknown
Firlian,unknown
Marat,male
Brian,male
Jovan,male
Ken,male
Evonify,unknown
Renee,female
Daniel,male
Yuki,mostly_female
Xiaoyou,unknown
Muny,unknown
Georgia,female
Priyanka,female
Ken,male
Lynel,unknown
StayNue,unknown
Janice,female
Mike & Silvana,unknown
StayNue,unknown
Janet,female
Firlian,unknown
Jennifer,female
Tina,female
Matt,male
Loan,mostly_female
StayNue,unknown
Ken,male
Griffin,male
Muny,unknown
Lori,female
Whit,unknown
A And L,unknown
Tiffany,female
Brad,male
Dan,male
Daniel,male
Althea,female
Gianni,male
Evonify,unknown
Izzy,unknown
Moe,female
Firlian,unknown
Jennifer,female
Carol,mostly_female
Javier,mostly_male
SleepAfloat,unknown
Anthony,male
Ken,male
Rafael,male
Terry,mostly_male
Phyllis,female
Izzy,unknown
Ken,male
Susan,female
Xiaoyou,unknown
Jordan,male
Hermina,female
Josh & Whitney,unknown
Daniel,male
Muny,unknown
Cheryl,female
Dror,male
Muny,unknown
Richmond,unknown
StayNue,unknown
StayNue,unknown
Gina,female
Oscar,male
Magdalena,female
Daniela,female
Muny,unknown
John,male
Terry,mostly_male
Janet,female
Peter,male
Aaron & Catherine,unknown
Izzy,unknown
Adriana & Gianni,unknown
Becky,female
Matt,male
Ken,male
Evonify,unknown
Airbnb,unknown
Gerald,male
Jason,male
StayNue,unknown
Stone,male
Huggy,unknown
Keith,male
Robert,male
Moo,andy
Cora,female
Home On Blaine,unknown
Javier,mostly_male
Muny,unknown
Evonify,unknown
Natalia,female
Albert,male
Adam,male
Steven,male
Turana,unknown
Global Luxury Suites,unknown
Evonify,unknown
Gregory,male
Paul,male
Jake,male
Albert,male
Jay,male
John,male
Evonify,unknown
Brian + Heather,unknown
Brian + Heather,unknown
Zachariah,male
Thatch,unknown
Chad,male
Huggy,unknown
Lance,male
Thatch,unknown
Mary,mostly_female
Turana,unknown
Turana,unknown
Diana,female
Monya,unknown
Albert,male
Steven,male
Thatch,unknown
Manuela,female
Muzammil,unknown
Dan,male
Steven,male
Marco,male
Evonify,unknown
Gregory,male
Adam,male
Terry,mostly_male
Yvonne,female
Anne,female
Gregory,male
Helen,female
Lee,mostly_male
Manuela,female
Gloria,female
Luxcrescent,unknown
Adam,male
Adam,male
Harry And Susie,unknown
Kevin,male
Harry And Susie,unknown
StayNue,unknown
Harry And Susie,unknown
Anne,female
Keir,male
Franklin,male
Gilda,female
Harry And Susie,unknown
Marlene,female
Gregory,male
Steven,male
Juliana & Ivan (Myhomelike),unknown
StayNue,unknown
Susan,female
Albert,male
Brian + Heather,unknown
Claire,female
Lance,male
Michael,male
Huggy,unknown
B. H.,unknown
Boris & Susan,unknown
Daniel,male
Paul,male
Boston,unknown
Mike,male
Thatch,unknown
Evon,male
Steven,male
Thatch,unknown
Albert,male
Johna,unknown
Wendy,female
Steven,male
Bronwyn,female
Adam,male
Albert,male
Anne,female
Shannon,mostly_female
Adam,male
Claire,female
Steven,male
Francisco,male
Brian + Heather,unknown
Alex @ Bcohousing,unknown
Kevin & Maria,unknown
Jana,female
SleepAfloat,unknown
Angela,female
Dan,male
Boris & Susan,unknown
Alex @ Bcohousing,unknown
George,male
Simon,male
Victoria,female
Gilda,female
Victoria/Tim,unknown
Home On Blaine,unknown
SleepAfloat,unknown
Boston,unknown
Andre,male
Alex @ Bcohousing,unknown
Dan,male
Anne,female
Kama,female
Natalie,female
Harry And Susie,unknown
Brian + Heather,unknown
Dan,male
Jason,male
Harry And Susie,unknown
Evonify,unknown
Darlene,female
Claire,female
Steven,male
Thatch,unknown
Kevin & Maria,unknown
Fatima,female
Steven,male
Natalia,female
Turana,unknown
Natalia,female
Luxcrescent,unknown
Shelby,mostly_female
Steven,male
Gilda,female
Ulrich,male
Thatch,unknown
Andre,male
Jay,male
Thatch,unknown
Zachariah,male
Turana,unknown
Booker,male
Anne,female
Yi,andy
Albert,male
Brian + Heather,unknown
Albert,male
Angela,female
Turana,unknown
Alex @ Bcohousing,unknown
Albert,male
Steven,male
Adam,male
Boris & Susan,unknown
Evonify,unknown
Turana,unknown
Anne,female
Evonify,unknown
Seif,unknown
Adam,male
Andy & Daljit,unknown
Gilda,female
John,male
Turana,unknown
Huggy,unknown
Diogo,male
Eric,male
Terry,mostly_male
Turana,unknown
Harry And Susie,unknown
Nina,female
Natalia,female
Jenny,female
Hamed,male
Anne,female
Bluebird,unknown
Gary,male
Philip And Ann,unknown
Gregory,male
Evolve,unknown
Thatch,unknown
Thatch,unknown
Eder,mostly_male
Manuela,female
Steven,male
Kama,female
Fehr,unknown
Huggy,unknown
Kama,female
Brian + Heather,unknown
Alex @ Bcohousing,unknown
Zeus,unknown
Turana,unknown
Brian + Heather,unknown
Natalie,female
Jason,male
Matt,male
Turana,unknown
Albert,male
Lance,male
Caroline,female
Anne,female
Justin,male
Brian + Heather,unknown
Evonify,unknown
Shervin,mostly_male
Mac,male
Thatch,unknown
Anne,female
Steven,male
Boston,unknown
Peter And Hawraa,unknown
John,male
Natalia,female
Evonify,unknown
Thatch,unknown
Adam,male
Priyanka,female
William,male
Anne,female
StayNue,unknown
Harry And Susie,unknown
Thatch,unknown
Marlene,female
Brian + Heather,unknown
Kama,female
Evonify,unknown
Douglas,male
Kevin,male
Adam,male
Albert,male
Alana,female
Booker,male
Patrick,male
Elisangela,unknown
Thatch,unknown
Margaret,female
Brian + Heather,unknown
Alex @ Bcohousing,unknown
Marlene,female
Elliott And Layla,unknown
Evonify,unknown
Rachel,female
Johna,unknown
Jenny,female
Albert,male
Andrea,female
Adam,male
Lauren,mostly_female
Adam,male
Eder,mostly_male
Jay,male
Victor,male
Nancy And Tom,unknown
Adam,male
Harry And Susie,unknown
Thatch,unknown
Josh,male
Joseph,male
Adam,male
Mac,male
David,male
Evonify,unknown
Adam,male
Olivia,female
Damon,male
Ann,female
Albert,male
Seif,unknown
Ann,female
Jennifer,female
Albert,male
Dan,male
Ls,unknown
Brian + Heather,unknown
Thatch,unknown
Evonify,unknown
Brian + Heather,unknown
Benny,male
Manuela,female
Sonder (Boston),unknown
Luxcrescent,unknown
Evonify,unknown
Natalie,female
Turana,unknown
Evonify,unknown
Katia,female
Jonatas,unknown
Anne,female
Eder,mostly_male
Adrian & Nathalie,unknown
Lita,female
Adam,male
Merve,female
Turana,unknown
Ahmad,male
Harry And Susie,unknown
Barbara,female
Thatch,unknown
Karen,female
Natalia,female
Shannon,mostly_female
Melisa,female
Boris & Susan,unknown
Thatch,unknown
Global Luxury Suites,unknown
Huggy,unknown
Steve,male
Catlin,unknown
Natalia,female
Manuela,female
Rich,mostly_male
Minor,unknown
Adam,male
Ls,unknown
Harry And Susie,unknown
Thatch,unknown
Harry And Susie,unknown
Brian + Heather,unknown
Anne,female
Global Luxury,unknown
Albert,male
StayNue,unknown
Emil,male
Harry And Susie,unknown
Kevin,male
Mary,mostly_female
Thatch,unknown
Thatch,unknown
Thatch,unknown
Kelly & Chris,unknown
Diogo,male
Romo & Nayeli,unknown
Albert,male
Dan,male
StayNue,unknown
Harry And Susie,unknown
Adam,male
Luxcrescent,unknown
Melissa,female
Dan,male
Anne,female
Margo,female
Bill,male
Thatch,unknown
Luxcrescent,unknown
Lance,male
Global Luxury,unknown
Steven,male
Turana,unknown
Laura,female
Jason,male
Anne,female
Kevin & Maria,unknown
Ann,female
Adam,male
Diogo,male
Thatch,unknown
Huggy,unknown
Albert,male
Romo & Nayeli,unknown
Jay,male
Josh,male
Jeff,male
Andre,male
Albert,male
Evonify,unknown
Brian + Heather,unknown
Elly,female
Reda,female
Jason,male
Kaitlin,female
Brian + Heather,unknown
Harry And Susie,unknown
Terry,mostly_male
Anne,female
StayNue,unknown
Brian + Heather,unknown
Wayne,male
Alex @ Bcohousing,unknown
Joseph,male
Emma,female
Boris & Susan,unknown
Jessica,female
Sean,male
Matt,male
Matt,male
Jonathan,male
Peter,male
Colleen,female
Susan,female
Barry,male
Chris,mostly_male
Mike,male
Jack And Heather,unknown
Diogo,male
Holly,female
Jim,male
Daryl,mostly_male
Victoria,female
Aileen,female
Margaret,female
Roland,male
Koen,male
Rachel,female
Emma,female
Jason,male
Emma,female
Paul,male
Woodruff,unknown
Steve,male
Jessica,female
Stacy,mostly_female
Sonder (Boston),unknown
Sharhea,unknown
Jeff,male
Waze,unknown
Boris & Susan,unknown
Boris & Susan,unknown
Jingjing,unknown
Emma,female
Boris & Susan,unknown
Steven,male
Lidia,female
Viktoria,female
Karen,female
Von,unknown
Daria,female
May,female
Minh,mostly_female
Emma,female
Jenny,female
Helder,male
Kara,female
Dorothy & Seth,unknown
Mas,unknown
Leslie,mostly_female
Daryl,mostly_male
Emily,female
Holly,female
Peter,male
Stone,male
Kristen,female
Frank,male
Heather And Mike,unknown
Michael,male
Thanh,andy
Justin,male
Janki,female
Dror,male
Charles,male
Romo & Nayeli,unknown
Katie,female
Lixia,unknown
Nicolo,male
Andre,male
Lixia,unknown
Lixia,unknown
Wesley,male
Angela,female
Greg,male
Daryl,mostly_male
Lisa,female
Sabrina,female
Frank,male
TurnKey Vacation Rentals,unknown
Sonder (Boston),unknown
Cordell,male
Nateesha,unknown
Daryl,mostly_male
David,male
Joseph,male
Katy,female
David,male
Drew,male
Andrea,female
Claire,female
Simon,male
Bruce,male
Tadeusz,male
Eelam,unknown
Luke,male
Christina,female
Steven,male
Tim,male
Bandita,unknown
Kim,mostly_female
Kevin & Maria,unknown
Damon,male
Muny,unknown
Katherine,female
Frank,male
Together We,unknown
Eder,mostly_male
Stone,male
Boston Park Plaza,unknown
Sonder (Boston),unknown
Temple Place,unknown
Temple Place,unknown
Terry,mostly_male
Bay Village,unknown
Karen,female
Laurie,female
Temple Place,unknown
Marie,female
Temple Place,unknown
Sonder (Boston),unknown
Dror,male
Jeffrey,male
Temple Place,unknown
Bay Village,unknown
Mimi,female
Marie,female
Natalie,female
Temple Place,unknown
Maverick,male
Natalie,female
Bay Village,unknown
Temple Place,unknown
Temple Place,unknown
